-- database.sql
-- Schema per l'applicazione Statistiche Carburante (Versione PostgreSQL per Supabase)

DROP TABLE IF EXISTS inserimenti_utente;
DROP TABLE IF EXISTS auto;
DROP TABLE IF EXISTS utenti;
DROP TABLE IF EXISTS configurazioni;

CREATE TABLE IF NOT EXISTS utenti (
    id SERIAL PRIMARY KEY,
    username VARCHAR(50) UNIQUE NOT NULL,
    password VARCHAR(255) NOT NULL,
    nome_completo VARCHAR(100) NOT NULL,
    ruolo VARCHAR(20) NOT NULL DEFAULT 'agente' CHECK (ruolo IN ('admin', 'agente')),
    nazionalita VARCHAR(50) NOT NULL DEFAULT 'italia' CHECK (nazionalita IN ('italia', 'spagna', 'francia', 'belgio', 'stati_uniti')),
    creato_il TIMESTAMP DEFAULT CURRENT_TIMESTAMP
);

CREATE TABLE IF NOT EXISTS auto (
    id SERIAL PRIMARY KEY,
    utente_id INT UNIQUE DEFAULT NULL,
    modello VARCHAR(100) NOT NULL,
    targa VARCHAR(50) UNIQUE NOT NULL,
    consumo_medio DECIMAL(5,2) DEFAULT NULL, -- espresso in km/l (es. 15.5)
    documenti TEXT DEFAULT NULL,
    FOREIGN KEY (utente_id) REFERENCES utenti(id) ON DELETE CASCADE
);

CREATE TABLE IF NOT EXISTS inserimenti_utente (
    id SERIAL PRIMARY KEY,
    utente_id INT NOT NULL,
    username VARCHAR(50) NOT NULL,
    modello_auto VARCHAR(100) NOT NULL,
    consumo_medio DECIMAL(5,2) NOT NULL,
    data_inserimento TIMESTAMP DEFAULT CURRENT_TIMESTAMP,
    km INT NOT NULL,
    foto_path TEXT DEFAULT NULL,
    FOREIGN KEY (utente_id) REFERENCES utenti(id) ON DELETE CASCADE
);

CREATE TABLE IF NOT EXISTS configurazioni (
    chiave VARCHAR(50) PRIMARY KEY,
    valore VARCHAR(255) NOT NULL
);

-- Inserimento configurazione predefinita per il prezzo del carburante per vari paesi
INSERT INTO configurazioni (chiave, valore) VALUES
('prezzo_carburante_italia', '1.80'),
('prezzo_carburante_spagna', '1.65'),
('prezzo_carburante_francia', '1.85'),
('prezzo_carburante_belgio', '1.75'),
('prezzo_carburante_stati_uniti', '0.95')
ON CONFLICT (chiave) DO UPDATE SET valore = EXCLUDED.valore;

-- Inserimento utenti (password aggiornate - sicure per produzione)
INSERT INTO utenti (id, username, password, nome_completo, ruolo, nazionalita) VALUES
(1, 'admin', '$2y$10$3ZR8CJkudl5p41oKhoM.0uaAvvTUuoLUrH4/o4AfGSf2b/4VW8DRK', 'Amministratore MPM', 'admin', 'italia'),
(2, 'marco.silvestri', '$2y$10$.lshj4gUXUnKYv8LMDtv7uHOq4YXNkQJiD5/cif.FN47nsqPx.jrG', 'MARCO SILVESTRI', 'agente', 'italia'),
(3, 'andrea.zanon', '$2y$10$5NZaMvtDiPxfjnDXGBAY/ObuLSgfUAzuX10YYkIv856fYyJPTzYQi', 'ANDREA ZANON', 'agente', 'italia'),
(4, 'damiano.trentin', '$2y$10$8/Zd5Et8yNDM1NnNCSVNY.6qiwT0lXBaOjCvAChRDUsITRAyRiJkO', 'DAMIANO TRENTIN', 'agente', 'italia'),
(5, 'quentin.tardy', '$2y$10$T1s263QfyHGsYYoyW3wdNOidli8wRfxsBVXVnHG2YK.mFnLr/vrOe', 'QUENTIN TARDY', 'agente', 'francia'),
(6, 'christophe.nave', '$2y$10$SGc9STo4O9MAjTIdN0Wrs.MIpqf9W2rUy3AiOeP9430NR65eyDnjK', 'CHRISTOPHE NAVE', 'agente', 'francia'),
(7, 'anthony.stahl', '$2y$10$Gg1GHwZrplhJSqyfwUx3/ewnmGEjFH4Zu8kt6ZxAQtPHQtHCrJw3K', 'ANTHONY STAHL', 'agente', 'francia'),
(8, 'francisco.ramos', '$2y$10$0PtgIeQy48yRHZDl1yK5Dup9nrWgd4r4uWOdH.8PLW.MoDvXGINeG', 'FRANCISCO JAVIER RAMOS', 'agente', 'spagna'),
(9, 'pablo.martinez', '$2y$10$gcmjhRrIH5TOIk5Yt/LxS.b/wtLwLCRDSvB9.oAEW5R4w29P.1A4i', 'PABLO PASCUAL MARTINEZ', 'agente', 'spagna'),
(10, 'jesus.torres', '$2y$10$tYbiRTCmzRSfIZyVGa94Fu4eNlin92hWu0fzhVwTmV4lHf6FsamuW', 'JESUS TORRES', 'agente', 'spagna'),
(11, 'javier.pando', '$2y$10$RcoH622RorYLsIVl9ANgZOTa1jCucnYnRplXjGfEhL.nkavCQyDSK', 'JAVIER ALONSO PANDO', 'agente', 'spagna'),
(12, 'enrique.alcantara', '$2y$10$hIj33rBMF7qFWUvluEMdjeW6LdRTjX3SBOIv7FGwIhFedKujBpEyW', 'ENRIQUE ALCANTARA', 'agente', 'spagna')
ON CONFLICT (username) DO UPDATE SET 
    password = EXCLUDED.password,
    nome_completo = EXCLUDED.nome_completo,
    ruolo = EXCLUDED.ruolo,
    nazionalita = EXCLUDED.nazionalita;

-- Reset della sequenza utenti (poichĂ© abbiamo inserito ID manuali)
SELECT setval('utenti_id_seq', (SELECT MAX(id) FROM utenti));

-- Inserimento auto
INSERT INTO auto (utente_id, modello, targa, consumo_medio) VALUES
(2, 'SKODA OCTAVIA WAGON 2,0 TDI 110 KW', 'GX792SV', 20.0),
(3, 'SKODA OCTAVIA WAGON 2,0 TDI 110 KW', 'GX898SV', 20.0),
(4, 'SKODA OCTAVIA WAGON 2,0 TDI 85 KW', 'GN989DH', 21.7),
(5, 'VOLKSWAGEN T-CROSS 133', 'HK900YV', 18.2),
(6, 'OPEL MOKKA UTL HBP AUT', 'HJ515BL', 20.8),
(7, 'SKODA KAMIQ UTL PET AUT', 'HG939TN', 18.2),
(8, 'CITROĂ‹N C4 X BlueHDi 130 S&S EAT8 Plus', '9998MWW', 20.8),
(9, 'CITROĂ‹N C4 X BlueHDi 130 S&S EAT8 Plus', '9984MWW', 20.8),
(10, 'CITROĂ‹N C4 X BlueHDi 130 S&S EAT8 Plus', '1999MXB', 20.8),
(11, 'CITROĂ‹N C4 X BlueHDi 130 S&S EAT8 Plus', '9991MWW', 20.8),
(12, 'CITROĂ‹N C4 X Hybrid 145 e-DSC6 Plus', '0546NFT', 21.7)
ON CONFLICT (targa) DO UPDATE SET 
    modello = EXCLUDED.modello,
    consumo_medio = EXCLUDED.consumo_medio;
